comment_id,author_name,text,likes,kind,id,snippet,etag
,,,,youtube#commentThread,UgynvcL74J_iCnOtNxp4AaABAg,"{'channelId': 'UCYtxcCzHCJjmjhHKH6AEsxQ', 'videoId': 'U8U_gR58eJU', 'topLevelComment': {'kind': 'youtube#comment', 'etag': 'uKIB9KieyerPB1KvCbNd1AGRsj4', 'id': 'UgynvcL74J_iCnOtNxp4AaABAg', 'snippet': {'channelId': 'UCYtxcCzHCJjmjhHKH6AEsxQ', 'videoId': 'U8U_gR58eJU', 'textDisplay': 'As someone who returned to Christianity a few months ago, this song speaks volumes to me! RIP DMX. üôè', 'textOriginal': 'As someone who returned to Christianity a few months ago, this song speaks volumes to me! RIP DMX. üôè', 'authorDisplayName': 'kylorcarr2', 'authorProfileImageUrl': 'https://yt3.ggpht.com/STsf8Y3GedCPLcQbq9NELyeoo1f1ViHXXRc77iqJj5_0pZyUCpQQvzzxghvBxGw3NZ7UCpd27L0=s48-c-k-c0x00ffffff-no-rj', 'authorChannelUrl': 'http://www.youtube.com/channel/UCb7mrlxC6ZiiyUVNjP6cs4w', 'authorChannelId': {'value': 'UCb7mrlxC6ZiiyUVNjP6cs4w'}, 'canRate': True, 'viewerRating': 'none', 'likeCount': 0, 'publishedAt': '2023-09-12T23:56:31Z', 'updatedAt': '2023-09-12T23:56:31Z'}}, 'canReply': True, 'totalReplyCount': 0, 'isPublic': True}",8NXsY2m6fpDkUhj6J3B9GXGyFC8
,,,,youtube#commentThread,UgxMJe3plob_XdNnu2B4AaABAg,"{'channelId': 'UCYtxcCzHCJjmjhHKH6AEsxQ', 'videoId': 'U8U_gR58eJU', 'topLevelComment': {'kind': 'youtube#comment', 'etag': 'eWjy_BJFgaD7n09980VazXvxaZQ', 'id': 'UgxMJe3plob_XdNnu2B4AaABAg', 'snippet': {'channelId': 'UCYtxcCzHCJjmjhHKH6AEsxQ', 'videoId': 'U8U_gR58eJU', 'textDisplay': 'R..I.P DMX üôè <a href=""http://www.youtube.com/results?search_query=%23legend"">#Legend</a>', 'textOriginal': 'R..I.P DMX üôè #Legend', 'authorDisplayName': 'K money', 'authorProfileImageUrl': 'https://yt3.ggpht.com/ytc/AOPolaQNzprLrFLJmMLefVt_xClXDDoviNSv9GqExhlYr1f-I6l1APq7-P1v5H0BrQf8=s48-c-k-c0x00ffffff-no-rj', 'authorChannelUrl': 'http://www.youtube.com/channel/UC1Vf1ESUHiEvxd_4lipeO8g', 'authorChannelId': {'value': 'UC1Vf1ESUHiEvxd_4lipeO8g'}, 'canRate': True, 'viewerRating': 'none', 'likeCount': 0, 'publishedAt': '2023-09-12T23:33:45Z', 'updatedAt': '2023-09-12T23:33:45Z'}}, 'canReply': True, 'totalReplyCount': 0, 'isPublic': True}",jsx5v3Jre-15Pi0A3gOCQ0MspRA
,,,,youtube#commentThread,UgxCXaguCGv5SwhCrYp4AaABAg,"{'channelId': 'UCYtxcCzHCJjmjhHKH6AEsxQ', 'videoId': 'U8U_gR58eJU', 'topLevelComment': {'kind': 'youtube#comment', 'etag': 'pxm_cXIfWaaO2AoEkg8BHCCCr-4', 'id': 'UgxCXaguCGv5SwhCrYp4AaABAg', 'snippet': {'channelId': 'UCYtxcCzHCJjmjhHKH6AEsxQ', 'videoId': 'U8U_gR58eJU', 'textDisplay': 'I went from slippin to Lord give me a sign‚Ä¶ damn I miss X!!!!!! ‚ù§', 'textOriginal': 'I went from slippin to Lord give me a sign‚Ä¶ damn I miss X!!!!!! ‚ù§', 'authorDisplayName': 'TiffyLove Love', 'authorProfileImageUrl': 'https://yt3.ggpht.com/JnJFUHZq0BEBo7acMXHA1ItAXmSJYfhWSrmvXJ4F9JOPA_yhIbjSU-sQe6BkpASWRD6It2NC7w=s48-c-k-c0x00ffffff-no-rj', 'authorChannelUrl': 'http://www.youtube.com/channel/UCSJ9KFXQNlL0k_XJ6SLaG9A', 'authorChannelId': {'value': 'UCSJ9KFXQNlL0k_XJ6SLaG9A'}, 'canRate': True, 'viewerRating': 'none', 'likeCount': 0, 'publishedAt': '2023-09-11T21:44:47Z', 'updatedAt': '2023-09-11T21:44:47Z'}}, 'canReply': True, 'totalReplyCount': 0, 'isPublic': True}",dYZBcizs_mDHCrc4Edh_JBwZPEk
,,,,youtube#commentThread,Ugz0vyefD2Ijr1D3ijF4AaABAg,"{'channelId': 'UCYtxcCzHCJjmjhHKH6AEsxQ', 'videoId': 'U8U_gR58eJU', 'topLevelComment': {'kind': 'youtube#comment', 'etag': 'dEPJYYECZ05GjdoU4hDlL6BTO28', 'id': 'Ugz0vyefD2Ijr1D3ijF4AaABAg', 'snippet': {'channelId': 'UCYtxcCzHCJjmjhHKH6AEsxQ', 'videoId': 'U8U_gR58eJU', 'textDisplay': 'Jesus is now telling DMX YOU BEEN FOOLED I AM NOT THE SON OF GOD IM THE PROPHET OF GOD', 'textOriginal': 'Jesus is now telling DMX YOU BEEN FOOLED I AM NOT THE SON OF GOD IM THE PROPHET OF GOD', 'authorDisplayName': 'Hatem Dairi', 'authorProfileImageUrl': 'https://yt3.ggpht.com/ytc/AOPolaQsXc28ViQhTPkFz-FIcRNWwFTKGWbiStsXS6QfIw=s48-c-k-c0x00ffffff-no-rj', 'authorChannelUrl': 'http://www.youtube.com/channel/UCE9Jtww-eeueCUaxgK5j6Gw', 'authorChannelId': {'value': 'UCE9Jtww-eeueCUaxgK5j6Gw'}, 'canRate': True, 'viewerRating': 'none', 'likeCount': 0, 'publishedAt': '2023-09-11T13:13:57Z', 'updatedAt': '2023-09-11T13:13:57Z'}}, 'canReply': True, 'totalReplyCount': 5, 'isPublic': True}",3pQyyQetXVjg3CEXjyqQIZ8cT_c
,,,,youtube#commentThread,UgxzE5lFqr0zVSTY4VF4AaABAg,"{'channelId': 'UCYtxcCzHCJjmjhHKH6AEsxQ', 'videoId': 'U8U_gR58eJU', 'topLevelComment': {'kind': 'youtube#comment', 'etag': 'R98WrriqF-YV3FCyJaR4CJAF-nY', 'id': 'UgxzE5lFqr0zVSTY4VF4AaABAg', 'snippet': {'channelId': 'UCYtxcCzHCJjmjhHKH6AEsxQ', 'videoId': 'U8U_gR58eJU', 'textDisplay': 'Yes Lord I need you. Give me a sign!', 'textOriginal': 'Yes Lord I need you. Give me a sign!', 'authorDisplayName': 'Amelia Irving', 'authorProfileImageUrl': 'https://yt3.ggpht.com/ytc/AOPolaRtGyHJOuzbTMOVKVbUqBwodiFj04BI3bIjnlTTRhG6X1Wx2IjfYoD5HcYrSGk1=s48-c-k-c0x00ffffff-no-rj', 'authorChannelUrl': 'http://www.youtube.com/channel/UCcFv_v-e7N-Vgjt2X30oIGg', 'authorChannelId': {'value': 'UCcFv_v-e7N-Vgjt2X30oIGg'}, 'canRate': True, 'viewerRating': 'none', 'likeCount': 0, 'publishedAt': '2023-09-11T12:57:54Z', 'updatedAt': '2023-09-11T12:57:54Z'}}, 'canReply': True, 'totalReplyCount': 0, 'isPublic': True}",Q_znnXA96Wzeq1Wu7ztsgZvckRo
,,,,youtube#commentThread,UgzfBF1q8_oHAH5lixx4AaABAg,"{'channelId': 'UCYtxcCzHCJjmjhHKH6AEsxQ', 'videoId': 'U8U_gR58eJU', 'topLevelComment': {'kind': 'youtube#comment', 'etag': 'qDF4bb68bzys1FTxaTyixvnNRao', 'id': 'UgzfBF1q8_oHAH5lixx4AaABAg', 'snippet': {'channelId': 'UCYtxcCzHCJjmjhHKH6AEsxQ', 'videoId': 'U8U_gR58eJU', 'textDisplay': 'And he was  very Loved', 'textOriginal': 'And he was  very Loved', 'authorDisplayName': 'Sonya Jenkins', 'authorProfileImageUrl': 'https://yt3.ggpht.com/ytc/AOPolaQW220EwnW1ZAwPEZcdgc9gVspT6isFk5_Hew=s48-c-k-c0x00ffffff-no-rj', 'authorChannelUrl': 'http://www.youtube.com/channel/UC9F5vfph4xaSC7SPocCXG1Q', 'authorChannelId': {'value': 'UC9F5vfph4xaSC7SPocCXG1Q'}, 'canRate': True, 'viewerRating': 'none', 'likeCount': 0, 'publishedAt': '2023-09-11T10:54:33Z', 'updatedAt': '2023-09-11T10:54:33Z'}}, 'canReply': True, 'totalReplyCount': 0, 'isPublic': True}",SmfpmRBZL87MsuDlEJ04f3auI7c
,,,,youtube#commentThread,UgwEuHvJ-ycl5iliGZ54AaABAg,"{'channelId': 'UCYtxcCzHCJjmjhHKH6AEsxQ', 'videoId': 'U8U_gR58eJU', 'topLevelComment': {'kind': 'youtube#comment', 'etag': 'L9DJRDvsN0L5UacutXDMxnz56jM', 'id': 'UgwEuHvJ-ycl5iliGZ54AaABAg', 'snippet': {'channelId': 'UCYtxcCzHCJjmjhHKH6AEsxQ', 'videoId': 'U8U_gR58eJU', 'textDisplay': 'Amem he is resting now', 'textOriginal': 'Amem he is resting now', 'authorDisplayName': 'Sonya Jenkins', 'authorProfileImageUrl': 'https://yt3.ggpht.com/ytc/AOPolaQW220EwnW1ZAwPEZcdgc9gVspT6isFk5_Hew=s48-c-k-c0x00ffffff-no-rj', 'authorChannelUrl': 'http://www.youtube.com/channel/UC9F5vfph4xaSC7SPocCXG1Q', 'authorChannelId': {'value': 'UC9F5vfph4xaSC7SPocCXG1Q'}, 'canRate': True, 'viewerRating': 'none', 'likeCount': 0, 'publishedAt': '2023-09-11T10:53:23Z', 'updatedAt': '2023-09-11T10:53:23Z'}}, 'canReply': True, 'totalReplyCount': 0, 'isPublic': True}",Xp7T0jkHckBHq_eyBQuTpKNs0Yg
,,,,youtube#commentThread,UgwpJ9ERXnwwh8xQ4Gh4AaABAg,"{'channelId': 'UCYtxcCzHCJjmjhHKH6AEsxQ', 'videoId': 'U8U_gR58eJU', 'topLevelComment': {'kind': 'youtube#comment', 'etag': 'lhXxTNoEJctnzmWP9E0_PQuClGk', 'id': 'UgwpJ9ERXnwwh8xQ4Gh4AaABAg', 'snippet': {'channelId': 'UCYtxcCzHCJjmjhHKH6AEsxQ', 'videoId': 'U8U_gR58eJU', 'textDisplay': 'We see them on other level 720 planet Earth department of military affairs and Miranda versus Arizona ruling in supreme courts not remove the crime -scene.', 'textOriginal': 'We see them on other level 720 planet Earth department of military affairs and Miranda versus Arizona ruling in supreme courts not remove the crime -scene.', 'authorDisplayName': 'Mcboom Warsun  UTube ', 'authorProfileImageUrl': 'https://yt3.ggpht.com/ytc/AOPolaRxRnJXTECrwcepGOj9D8oSkSNnhVfl9isgqpBqXBFgUD9EeYVJ3gzvtDtOY3y8=s48-c-k-c0x00ffffff-no-rj', 'authorChannelUrl': 'http://www.youtube.com/channel/UCppKGAKb4aP1wzDU2fug_7g', 'authorChannelId': {'value': 'UCppKGAKb4aP1wzDU2fug_7g'}, 'canRate': True, 'viewerRating': 'none', 'likeCount': 0, 'publishedAt': '2023-09-10T18:35:37Z', 'updatedAt': '2023-09-10T18:35:37Z'}}, 'canReply': True, 'totalReplyCount': 0, 'isPublic': True}",QBxe66St9loikwkdp42nqbiFL5c
,,,,youtube#commentThread,UgyIBt1oUhGyFG55B3Z4AaABAg,"{'channelId': 'UCYtxcCzHCJjmjhHKH6AEsxQ', 'videoId': 'U8U_gR58eJU', 'topLevelComment': {'kind': 'youtube#comment', 'etag': 'sRmeGTCnkwGS66zuz9JS2HkbsOw', 'id': 'UgyIBt1oUhGyFG55B3Z4AaABAg', 'snippet': {'channelId': 'UCYtxcCzHCJjmjhHKH6AEsxQ', 'videoId': 'U8U_gR58eJU', 'textDisplay': '09/2023   Lord....give me a sing', 'textOriginal': '09/2023   Lord....give me a sing', 'authorDisplayName': 'iCanSeeYou', 'authorProfileImageUrl': 'https://yt3.ggpht.com/GRy_CenN-0hAg6kdybwZ94EySqFyORQrEMu9XVUY5Z37UofM91vNBjo5SVIbkcgeTLFEr--QPg=s48-c-k-c0x00ffffff-no-rj', 'authorChannelUrl': 'http://www.youtube.com/channel/UCOskSAIGjRDsUAvIQhgUZ2g', 'authorChannelId': {'value': 'UCOskSAIGjRDsUAvIQhgUZ2g'}, 'canRate': True, 'viewerRating': 'none', 'likeCount': 0, 'publishedAt': '2023-09-10T14:41:15Z', 'updatedAt': '2023-09-10T14:41:15Z'}}, 'canReply': True, 'totalReplyCount': 0, 'isPublic': True}",kvEF78G3-nVSdl-yOKJn98plB-8
,,,,youtube#commentThread,Ugxm7ynRBxIc6X7T-hZ4AaABAg,"{'channelId': 'UCYtxcCzHCJjmjhHKH6AEsxQ', 'videoId': 'U8U_gR58eJU', 'topLevelComment': {'kind': 'youtube#comment', 'etag': 'h3NrWpM6sWEXb4NaBFdw-oKUEL0', 'id': 'Ugxm7ynRBxIc6X7T-hZ4AaABAg', 'snippet': {'channelId': 'UCYtxcCzHCJjmjhHKH6AEsxQ', 'videoId': 'U8U_gR58eJU', 'textDisplay': 'IN THE NAME OF JESUS! You devil you are BANISHED FROM HERE. WE HAVE SPOKEN WORD..IT IS STRONG‚Ä¶JESUS! Guide me lord. Praise the lord in the name of Jesus. Praise the lord.', 'textOriginal': 'IN THE NAME OF JESUS! You devil you are BANISHED FROM HERE. WE HAVE SPOKEN WORD..IT IS STRONG‚Ä¶JESUS! Guide me lord. Praise the lord in the name of Jesus. Praise the lord.', 'authorDisplayName': 'jacksputrid', 'authorProfileImageUrl': 'https://yt3.ggpht.com/ytc/AOPolaS2S6DhWhO1hX27UVIINJcTpBhA2rD48-BaAQ=s48-c-k-c0x00ffffff-no-rj', 'authorChannelUrl': 'http://www.youtube.com/channel/UCUCEzYjskR3Pjc8uA5hs8_A', 'authorChannelId': {'value': 'UCUCEzYjskR3Pjc8uA5hs8_A'}, 'canRate': True, 'viewerRating': 'none', 'likeCount': 0, 'publishedAt': '2023-09-10T13:50:28Z', 'updatedAt': '2023-09-10T13:50:28Z'}}, 'canReply': True, 'totalReplyCount': 0, 'isPublic': True}",3HS4orviNPPAVXxzxuwxgxSeDGM
,,,,youtube#commentThread,Ugw0j18FxQJIB1etw514AaABAg,"{'channelId': 'UCYtxcCzHCJjmjhHKH6AEsxQ', 'videoId': 'U8U_gR58eJU', 'topLevelComment': {'kind': 'youtube#comment', 'etag': '1bPv6_dBrAUuL61NN2PAOH8z7LQ', 'id': 'Ugw0j18FxQJIB1etw514AaABAg', 'snippet': {'channelId': 'UCYtxcCzHCJjmjhHKH6AEsxQ', 'videoId': 'U8U_gR58eJU', 'textDisplay': 'No weapon forged against ME SHALL PROSPER‚Ä¶.this is the service and heritage of the lord. IN THE NAME OF JESUS‚Ä¶..I revoke you DEMON‚Ä¶.YOU DONT HAVE POWER HERE DEVIL. THE LORD HAS MY BACK. And you can‚Äôt hurt me anymore devil‚Ä¶your fronting DEMON‚Ä¶BANISH YOU DEVIL. GUIDE ME LORD. YOU CANNOT FIND ME‚Ä¶and even if you do. I have STRENGTH..I can fight YOU DEVIL. Your weapons forged against ME SHALL NOT PROSPER. IN THE NAME OF JESUS. AMEN.', 'textOriginal': 'No weapon forged against ME SHALL PROSPER‚Ä¶.this is the service and heritage of the lord. IN THE NAME OF JESUS‚Ä¶..I revoke you DEMON‚Ä¶.YOU DONT HAVE POWER HERE DEVIL. THE LORD HAS MY BACK. And you can‚Äôt hurt me anymore devil‚Ä¶your fronting DEMON‚Ä¶BANISH YOU DEVIL. GUIDE ME LORD. YOU CANNOT FIND ME‚Ä¶and even if you do. I have STRENGTH..I can fight YOU DEVIL. Your weapons forged against ME SHALL NOT PROSPER. IN THE NAME OF JESUS. AMEN.', 'authorDisplayName': 'jacksputrid', 'authorProfileImageUrl': 'https://yt3.ggpht.com/ytc/AOPolaS2S6DhWhO1hX27UVIINJcTpBhA2rD48-BaAQ=s48-c-k-c0x00ffffff-no-rj', 'authorChannelUrl': 'http://www.youtube.com/channel/UCUCEzYjskR3Pjc8uA5hs8_A', 'authorChannelId': {'value': 'UCUCEzYjskR3Pjc8uA5hs8_A'}, 'canRate': True, 'viewerRating': 'none', 'likeCount': 1, 'publishedAt': '2023-09-10T13:48:52Z', 'updatedAt': '2023-09-10T13:48:52Z'}}, 'canReply': True, 'totalReplyCount': 0, 'isPublic': True}",nuLSQpXPmrGGn6af8jUsZkdAnc4
,,,,youtube#commentThread,Ugz-U5p36poQg59MlEl4AaABAg,"{'channelId': 'UCYtxcCzHCJjmjhHKH6AEsxQ', 'videoId': 'U8U_gR58eJU', 'topLevelComment': {'kind': 'youtube#comment', 'etag': '88zWPe2tegYjXJnLbtwEw63ZmJM', 'id': 'Ugz-U5p36poQg59MlEl4AaABAg', 'snippet': {'channelId': 'UCYtxcCzHCJjmjhHKH6AEsxQ', 'videoId': 'U8U_gR58eJU', 'textDisplay': '‚ù§', 'textOriginal': '‚ù§', 'authorDisplayName': 'Marlon', 'authorProfileImageUrl': 'https://yt3.ggpht.com/_Rdr8cXXrx1WDhSJYup5i_xYA0SQa_qhSWOWJ6qutv5SrqnHzJsuphl4cpm6H2VbVLQZ3crX3Qk=s48-c-k-c0x00ffffff-no-rj', 'authorChannelUrl': 'http://www.youtube.com/channel/UCsNL3m9Z6HtixTlpYC09z3Q', 'authorChannelId': {'value': 'UCsNL3m9Z6HtixTlpYC09z3Q'}, 'canRate': True, 'viewerRating': 'none', 'likeCount': 0, 'publishedAt': '2023-09-10T11:22:54Z', 'updatedAt': '2023-09-10T11:22:54Z'}}, 'canReply': True, 'totalReplyCount': 0, 'isPublic': True}",dqyC5BP_spBGCqddGJObiwOT30k
,,,,youtube#commentThread,UgzymaaziW7L8BPI7wx4AaABAg,"{'channelId': 'UCYtxcCzHCJjmjhHKH6AEsxQ', 'videoId': 'U8U_gR58eJU', 'topLevelComment': {'kind': 'youtube#comment', 'etag': 'dwieukhIBsk3Vb4d7JcV6nG9Egg', 'id': 'UgzymaaziW7L8BPI7wx4AaABAg', 'snippet': {'channelId': 'UCYtxcCzHCJjmjhHKH6AEsxQ', 'videoId': 'U8U_gR58eJU', 'textDisplay': '333K like', 'textOriginal': '333K like', 'authorDisplayName': 'st3ve', 'authorProfileImageUrl': 'https://yt3.ggpht.com/ytc/AOPolaQEL6kHlohzQKEHiDA44XwNr0Q1-fKmNpt5U18v3XheWRuNxQyhKi5nblmuN-9V=s48-c-k-c0x00ffffff-no-rj', 'authorChannelUrl': 'http://www.youtube.com/channel/UCjw3jZB4BQx2h7V16hajyJA', 'authorChannelId': {'value': 'UCjw3jZB4BQx2h7V16hajyJA'}, 'canRate': True, 'viewerRating': 'none', 'likeCount': 0, 'publishedAt': '2023-09-10T03:32:13Z', 'updatedAt': '2023-09-10T03:32:13Z'}}, 'canReply': True, 'totalReplyCount': 0, 'isPublic': True}",49yYD0A4S08RC6Uzw6FawLbYyus
,,,,youtube#commentThread,UgxKxXliyejRdir3-4h4AaABAg,"{'channelId': 'UCYtxcCzHCJjmjhHKH6AEsxQ', 'videoId': 'U8U_gR58eJU', 'topLevelComment': {'kind': 'youtube#comment', 'etag': '0i7e-7SP78lBFCpB3_76S1tzx8c', 'id': 'UgxKxXliyejRdir3-4h4AaABAg', 'snippet': {'channelId': 'UCYtxcCzHCJjmjhHKH6AEsxQ', 'videoId': 'U8U_gR58eJU', 'textDisplay': 'Glad i stopped smoking so they cant lace a cigarette and get me ‚ù§', 'textOriginal': 'Glad i stopped smoking so they cant lace a cigarette and get me ‚ù§', 'authorDisplayName': 'John Doe', 'authorProfileImageUrl': 'https://yt3.ggpht.com/ytc/AOPolaR0HoeVgtltRcMGqmNu1y0ymfsX9KFhwUZX6SfvgXFVhE34C9Q_O9QqdQsZA0rU=s48-c-k-c0x00ffffff-no-rj', 'authorChannelUrl': 'http://www.youtube.com/channel/UCa5fYezA2rZQgjXK7HTAFSg', 'authorChannelId': {'value': 'UCa5fYezA2rZQgjXK7HTAFSg'}, 'canRate': True, 'viewerRating': 'none', 'likeCount': 0, 'publishedAt': '2023-09-10T02:59:18Z', 'updatedAt': '2023-09-10T02:59:18Z'}}, 'canReply': True, 'totalReplyCount': 0, 'isPublic': True}",XbU0rP7l1VtCEYaOBApTkt90pf4
,,,,youtube#commentThread,UgwpOt51GDrSKPWDTDJ4AaABAg,"{'channelId': 'UCYtxcCzHCJjmjhHKH6AEsxQ', 'videoId': 'U8U_gR58eJU', 'topLevelComment': {'kind': 'youtube#comment', 'etag': 'OMgLG3fWKHm0xVAi2Pf7Hy9yN7Y', 'id': 'UgwpOt51GDrSKPWDTDJ4AaABAg', 'snippet': {'channelId': 'UCYtxcCzHCJjmjhHKH6AEsxQ', 'videoId': 'U8U_gR58eJU', 'textDisplay': 'Woke is the devil ! There are only 2 genders ! We will win with Jesus point to the sky ‚òùÔ∏è God protect our children I know we will win ! Lord give me a sign üôèüèª Help us down here from evil liberal woke DMX help us üôèüèª', 'textOriginal': 'Woke is the devil ! There are only 2 genders ! We will win with Jesus point to the sky ‚òùÔ∏è God protect our children I know we will win ! Lord give me a sign üôèüèª Help us down here from evil liberal woke DMX help us üôèüèª', 'authorDisplayName': 'One One', 'authorProfileImageUrl': 'https://yt3.ggpht.com/ytc/AOPolaRL9HGbCRon836m0SlpiN2SfPD7-vB624OHVQ=s48-c-k-c0x00ffffff-no-rj', 'authorChannelUrl': 'http://www.youtube.com/channel/UC5rjpZqO8Puxjr_rYJRsveA', 'authorChannelId': {'value': 'UC5rjpZqO8Puxjr_rYJRsveA'}, 'canRate': True, 'viewerRating': 'none', 'likeCount': 1, 'publishedAt': '2023-09-10T01:17:36Z', 'updatedAt': '2023-09-10T01:19:02Z'}}, 'canReply': True, 'totalReplyCount': 0, 'isPublic': True}",7bAMOA5SIuwxfcyJTGMngZYQizI
,,,,youtube#commentThread,UgwqxTrNTwEmBoJqbXZ4AaABAg,"{'channelId': 'UCYtxcCzHCJjmjhHKH6AEsxQ', 'videoId': 'U8U_gR58eJU', 'topLevelComment': {'kind': 'youtube#comment', 'etag': '3wk5C_a_cCWo8Hrw28w_Ywzcrhs', 'id': 'UgwqxTrNTwEmBoJqbXZ4AaABAg', 'snippet': {'channelId': 'UCYtxcCzHCJjmjhHKH6AEsxQ', 'videoId': 'U8U_gR58eJU', 'textDisplay': 'Ruff riders 2024 <br>Tupacolyps NQW', 'textOriginal': 'Ruff riders 2024 \nTupacolyps NQW', 'authorDisplayName': 'Theunis', 'authorProfileImageUrl': 'https://yt3.ggpht.com/ytc/AOPolaQYsJerxIRfjh7T2R3MKbuH6thsUF1bFHePmg=s48-c-k-c0x00ffffff-no-rj', 'authorChannelUrl': 'http://www.youtube.com/channel/UC9Wnu2qXMhZYb8RPupEgN4g', 'authorChannelId': {'value': 'UC9Wnu2qXMhZYb8RPupEgN4g'}, 'canRate': True, 'viewerRating': 'none', 'likeCount': 0, 'publishedAt': '2023-09-09T22:44:32Z', 'updatedAt': '2023-09-09T22:44:32Z'}}, 'canReply': True, 'totalReplyCount': 0, 'isPublic': True}",NbGFjEijZq9btQoBNh5jIPrU0Cs
,,,,youtube#commentThread,UgwFS2XUA4tuRAvdZ2F4AaABAg,"{'channelId': 'UCYtxcCzHCJjmjhHKH6AEsxQ', 'videoId': 'U8U_gR58eJU', 'topLevelComment': {'kind': 'youtube#comment', 'etag': 'UnjyPUku97D-bobZt_O5m5jaLP8', 'id': 'UgwFS2XUA4tuRAvdZ2F4AaABAg', 'snippet': {'channelId': 'UCYtxcCzHCJjmjhHKH6AEsxQ', 'videoId': 'U8U_gR58eJU', 'textDisplay': 'Jesus your the only way to live life..i want to get closer to you and do great things in your name. i love you..show me more', 'textOriginal': 'Jesus your the only way to live life..i want to get closer to you and do great things in your name. i love you..show me more', 'authorDisplayName': 'Oliver Hernandez', 'authorProfileImageUrl': 'https://yt3.ggpht.com/ytc/AOPolaSHEGq7jMkJ_0swW4ZMZYBma5h1JS-RQcO5p6lIEpkQ4DNZ-hW4IXr9Te0c47ln=s48-c-k-c0x00ffffff-no-rj', 'authorChannelUrl': 'http://www.youtube.com/channel/UCyDPf9K6RH_R35okvtILjkQ', 'authorChannelId': {'value': 'UCyDPf9K6RH_R35okvtILjkQ'}, 'canRate': True, 'viewerRating': 'none', 'likeCount': 0, 'publishedAt': '2023-09-09T22:11:33Z', 'updatedAt': '2023-09-09T22:11:33Z'}}, 'canReply': True, 'totalReplyCount': 0, 'isPublic': True}",b-VaMltJeQcqHdQJyBmLOX5675s
,,,,youtube#commentThread,UgzY0WjR8xPquORG0Zl4AaABAg,"{'channelId': 'UCYtxcCzHCJjmjhHKH6AEsxQ', 'videoId': 'U8U_gR58eJU', 'topLevelComment': {'kind': 'youtube#comment', 'etag': 'J94MtOyhsVkbWIuEINNyd7Tiw2Q', 'id': 'UgzY0WjR8xPquORG0Zl4AaABAg', 'snippet': {'channelId': 'UCYtxcCzHCJjmjhHKH6AEsxQ', 'videoId': 'U8U_gR58eJU', 'textDisplay': 'Rip..all time great', 'textOriginal': 'Rip..all time great', 'authorDisplayName': 'Derek', 'authorProfileImageUrl': 'https://yt3.ggpht.com/ytc/AOPolaT8-Ljts6b5SVLtgxtKRlZ6cWXUOkTE6Jo69BzmvemrN_TXybzRVAcAeI829rHW=s48-c-k-c0x00ffffff-no-rj', 'authorChannelUrl': 'http://www.youtube.com/channel/UCq6iq70zmpGGFDbO0hqfIAQ', 'authorChannelId': {'value': 'UCq6iq70zmpGGFDbO0hqfIAQ'}, 'canRate': True, 'viewerRating': 'none', 'likeCount': 0, 'publishedAt': '2023-09-09T15:24:13Z', 'updatedAt': '2023-09-09T15:24:13Z'}}, 'canReply': True, 'totalReplyCount': 0, 'isPublic': True}",_jcHX0EgPjhI6NJTcQvzib5JcV0
,,,,youtube#commentThread,UgwbbQZ_8s0Ottvzxbx4AaABAg,"{'channelId': 'UCYtxcCzHCJjmjhHKH6AEsxQ', 'videoId': 'U8U_gR58eJU', 'topLevelComment': {'kind': 'youtube#comment', 'etag': 'hQTfAbhznwvOu6uTF-8DfJX-g9Q', 'id': 'UgwbbQZ_8s0Ottvzxbx4AaABAg', 'snippet': {'channelId': 'UCYtxcCzHCJjmjhHKH6AEsxQ', 'videoId': 'U8U_gR58eJU', 'textDisplay': '..It&#39;s all in time, show me how to teach the mind<br>Show me how to reach the blind.... Amen üí™üèÜ<br><br>DMX The best of the best <br>Greetings from Poland', 'textOriginal': ""..It's all in time, show me how to teach the mind\nShow me how to reach the blind.... Amen üí™üèÜ\n\nDMX The best of the best \nGreetings from Poland"", 'authorDisplayName': 'Rafa≈Ç S', 'authorProfileImageUrl': 'https://yt3.ggpht.com/ytc/AOPolaT4jLwr_fJ9XxtYXtIcqAF_kS8aM5u74uIKKQ=s48-c-k-c0x00ffffff-no-rj', 'authorChannelUrl': 'http://www.youtube.com/channel/UCUDnw_XwZ7uu-cAHnQjUu_Q', 'authorChannelId': {'value': 'UCUDnw_XwZ7uu-cAHnQjUu_Q'}, 'canRate': True, 'viewerRating': 'none', 'likeCount': 3, 'publishedAt': '2023-09-09T14:32:34Z', 'updatedAt': '2023-09-09T14:32:34Z'}}, 'canReply': True, 'totalReplyCount': 0, 'isPublic': True}",MtsD1VuJtkHnue0z5wxPToa8lYY
,,,,youtube#commentThread,Ugzc9WTwLlmO3vR3INx4AaABAg,"{'channelId': 'UCYtxcCzHCJjmjhHKH6AEsxQ', 'videoId': 'U8U_gR58eJU', 'topLevelComment': {'kind': 'youtube#comment', 'etag': 'YykTq6ejw2CGSGDWy9UN9oSQjCk', 'id': 'Ugzc9WTwLlmO3vR3INx4AaABAg', 'snippet': {'channelId': 'UCYtxcCzHCJjmjhHKH6AEsxQ', 'videoId': 'U8U_gR58eJU', 'textDisplay': 'Yes he is funny too. Jus pick up your Bible ‚ù§', 'textOriginal': 'Yes he is funny too. Jus pick up your Bible ‚ù§', 'authorDisplayName': 'Ness. Zden', 'authorProfileImageUrl': 'https://yt3.ggpht.com/vhouO2piYwmnes9nT8AF1wt66WJf03atFZE6mDtLAvvjBenTG10wYoIKR0GKTktdOhGsssBwYw=s48-c-k-c0x00ffffff-no-rj', 'authorChannelUrl': 'http://www.youtube.com/channel/UCIKvyrK5olkSdIdsZAXzV3w', 'authorChannelId': {'value': 'UCIKvyrK5olkSdIdsZAXzV3w'}, 'canRate': True, 'viewerRating': 'none', 'likeCount': 1, 'publishedAt': '2023-09-09T06:15:13Z', 'updatedAt': '2023-09-09T06:15:13Z'}}, 'canReply': True, 'totalReplyCount': 0, 'isPublic': True}",7eVFQ0F-eYT8DlPaSEQbMj-2I1c
